"title","count_store","total_revenue"
"Telegraph Voyage","14","121.86"
"Whale Bikini","15","113.85"
"Teen Apollo","14","109.86"
"Sunrise League","15","109.85"
"Zorro Ark","15","108.85"
"Virtual Spoilers","13","105.87"
"Fool Mockingbird","14","104.86"
"Strangers Graffiti","14","104.86"
"Lola Agent","16","104.84"
"Tycoon Gathering","12","103.88"
"Wife Turn","14","103.86"
"Show Lord","15","102.85"
"Velvet Terminator","15","102.85"
"Hustler Party","12","99.88"
"Stagecoach Armageddon","16","99.84"
"Eagles Panky","14","98.86"
"Innocent Usual","14","98.86"
"Harry Idaho","15","97.85"
"Saturday Lambs","13","96.87"
"Wonderland Christmas","14","95.86"
"Bilko Anonymous","12","94.88"
"Wife Turn","13","94.87"
"Scorpion Apollo","13","94.87"
"Titans Jerk","13","94.87"
"Telegraph Voyage","11","93.89"
"Saturday Lambs","13","93.87"
"Pickup Driving","15","93.85"
"Innocent Usual","12","92.88"
"American Circus","12","92.88"
"West Lion","14","92.86"
"Videotape Arsenic","14","92.86"
"Hanging Deep","15","92.85"
"Mine Titans","12","91.88"
"Titans Jerk","14","91.86"
"Massacre Usual","15","91.85"
"Hustler Party","10","90.90"
"Range Moonwalker","12","90.88"
"Zorro Ark","13","90.87"
"Dude Blindness","13","90.87"
"Minds Truman","12","89.88"
"Closer Bang","14","89.86"
"Dogma Family","14","89.86"
"Torque Bound","11","88.88"
"Midsummer Groundhog","12","88.88"
"Goodfellas Salute","13","88.87"
"Enemy Odds","14","88.86"
"Working Microcosmos","14","88.86"
"Movie Shakespeare","16","88.84"
"Behavior Runaway","11","87.89"
"Pelican Comforts","12","87.88"
"Bright Encounters","12","87.88"
"Flash Wars","12","87.88"
"Moonshine Cabin","13","87.87"
"Flamingos Connecticut","14","87.86"
"Road Roxanne","12","86.88"
"Calendar Gunfight","12","86.88"
"Nightmare Chill","13","86.87"
"Airport Pollock","15","86.85"
"Sting Personal","11","85.89"
"Daisy Menagerie","14","85.86"
"Cat Coneheads","14","85.86"
"Trading Pinocchio","14","85.86"
"Titanic Boondock","13","84.88"
"Something Duck","12","84.88"
"Conquerer Nuts","13","84.87"
"Boogie Amelie","14","84.85"
"Yentl Idaho","15","84.85"
"Pittsburgh Hunchback","11","83.89"
"Head Stranger","12","83.88"
"Loser Hustler","14","83.86"
"Drifter Commandments","14","83.86"
"Dying Maker","15","83.85"
"Maiden Home","11","82.89"
"Pinocchio Simon","13","82.87"
"Streetcar Intentions","13","82.87"
"Attraction Newton","14","82.86"
"Holiday Games","15","82.85"
"Flintstones Happiness","11","81.89"
"Hanover Galaxy","14","81.86"
"Secrets Paradise","11","80.89"
"Torque Bound","12","80.88"
"Easy Gladiator","12","80.88"
"Apache Divine","14","80.86"
"Center Dinosaur","14","80.86"
"Beauty Grease","14","80.86"
"Scalawag Duck","15","80.85"
"Chance Resurrection","15","80.85"
"Bucket Brotherhood","15","80.85"
"Harry Idaho","12","79.88"
"Desert Poseidon","12","79.88"
"Edge Kissing","13","79.87"
"Witches Panic","14","79.86"
"Apache Divine","14","79.86"
"Super Wyoming","12","78.88"
"Pity Bound","13","78.87"
"Submarine Bed","13","78.87"
"Dorado Notting","13","78.87"
"Coneheads Smoochy","14","78.86"
"Dogma Family","14","78.86"
"Pelican Comforts","11","77.89"
"Raging Airplane","12","77.88"
"Tourist Pelican","12","77.88"
"Creepers Kane","13","77.87"
"Liaisons Sweet","13","77.87"
"Prejudice Oleander","13","77.87"
"Queen Luke","14","77.86"
"Model Fish","13","76.87"
"Scalawag Duck","14","76.86"
"Wanda Chamber","14","76.86"
"Lawless Vision","15","76.86"
"Fidelity Devil","11","75.89"
"Connecticut Tramp","11","75.89"
"Moonwalker Fool","11","75.89"
"Goodfellas Salute","12","75.88"
"Thief Pelican","12","75.88"
"Deep Crusade","13","75.87"
"Freddy Storm","14","75.86"
"Searchers Wait","14","75.86"
"Autumn Crow","10","74.90"
"Command Darling","11","74.89"
"Lies Treatment","14","74.86"
"Impossible Prejudice","14","74.86"
"Salute Apollo","16","74.84"
"Garden Island","9","73.91"
"Satisfaction Confidential","10","73.90"
"California Birds","11","73.89"
"Lady Stage","11","73.89"
"Thin Sagebrush","11","73.89"
"Chasing Fight","12","73.88"
"Cat Coneheads","13","73.87"
"Pluto Oleander","13","73.87"
"Forrester Comancheros","14","73.86"
"Trip Newton","14","73.86"
"Backlash Undefeated","8","72.92"
"Darko Dorado","10","72.90"
"Dawn Pond","10","72.90"
"Whisperer Giant","10","72.90"
"Hunchback Impossible","10","72.90"
"Name Detective","11","72.89"
"Doors President","12","72.88"
"Roses Treasure","12","72.88"
"Horn Working","16","72.84"
"Seattle Expecations","11","71.89"
"Paycheck Wait","11","71.89"
"Fellowship Autumn","12","71.88"
"Blindness Gun","13","71.87"
"Mission Zoolander","10","70.90"
"Wizard Coldblooded","11","70.89"
"Sleepless Monsoon","11","70.89"
"Enemy Odds","11","70.89"
"Reign Gentlemen","12","70.88"
"Saturn Name","13","70.87"
"Inch Jet","13","70.87"
"Coma Head","13","70.87"
"Candles Grapes","13","70.87"
"Ties Hunger","9","69.91"
"Daughter Madigan","9","69.91"
"Heartbreakers Bright","10","69.90"
"Suit Walls","10","69.90"
"Beast Hunchback","10","69.90"
"Confused Candles","11","69.89"
"Vampire Whale","11","69.89"
"Maiden Home","11","69.89"
"Hall Cassidy","11","69.89"
"Driving Polish","12","69.88"
"French Holiday","12","69.88"
"Bucket Brotherhood","13","69.87"
"Confidential Interview","13","69.87"
"Philadelphia Wife","14","69.87"
"Whisperer Giant","10","68.90"
"Kissing Dolls","10","68.90"
"Steel Santa","11","68.89"
"Rage Games","11","68.89"
"Aladdin Calendar","12","68.88"
"Flight Lies","12","68.88"
"Werewolf Lola","12","68.88"
"Backlash Undefeated","8","67.92"
"Details Packer","10","67.90"
"Amelie Hellfighters","10","67.90"
"Steel Santa","11","67.89"
"Liberty Magnificent","11","67.89"
"League Hellfighters","11","67.89"
"Range Moonwalker","11","67.89"
"Forrester Comancheros","12","67.88"
"Shawshank Bubble","12","67.88"
"Redemption Comforts","12","67.88"
"Durham Panky","12","67.88"
"Brooklyn Desert","13","67.87"
"Butterfly Chocolat","14","67.86"
"Suspects Quills","15","67.85"
"Samurai Lion","16","67.84"
"Caribbean Liberty","8","66.92"
"Twisted Pirates","11","66.89"
"Confidential Interview","11","66.89"
"Witches Panic","11","66.89"
"Sabrina Midnight","11","66.89"
"Sleeping Suspects","12","66.88"
"Dangerous Uptown","12","66.88"
"Past Suicides","12","66.88"
"Jet Neighbors","12","66.88"
"Home Pity","12","66.88"
"Slacker Liaisons","12","66.88"
"Boiled Dares","13","66.87"
"Charade Duffel","13","66.87"
"Breakfast Goldfinger","10","65.90"
"Interview Liaisons","10","65.90"
"Stranger Strangers","10","65.90"
"Falcon Volume","11","65.89"
"Spice Sorority","11","65.89"
"Cause Date","12","65.88"
"Usual Untouchables","12","65.88"
"Fellowship Autumn","12","65.88"
"Pulp Beverly","12","65.88"
"Angels Life","13","65.87"
"Lonely Elephant","13","65.87"
"Network Peak","15","65.85"
"Suit Walls","9","64.91"
"Fiddler Lost","10","64.90"
"Elephant Trojan","10","64.90"
"Galaxy Sweethearts","10","64.90"
"Titanic Boondock","9","64.90"
"Million Ace","11","64.89"
"Princess Giant","12","64.89"
"Roses Treasure","11","64.89"
"Durham Panky","12","64.88"
"Truman Crazy","12","64.88"
"Snatch Slipper","12","64.88"
"Metropolis Coma","15","64.85"
"Brotherhood Blanket","15","64.85"
"Divine Resurrection","15","64.85"
"Timberland Sky","16","64.84"
"Scorpion Apollo","8","63.92"
"Sting Personal","9","63.91"
"Jericho Mulan","10","63.90"
"Mermaid Insects","10","63.90"
"Kiss Glory","11","63.89"
"Anthem Luke","11","63.89"
"Daddy Pittsburgh","11","63.89"
"Heavyweights Beast","11","63.89"
"Wash Heavenly","12","63.88"
"Gleaming Jawbreaker","14","63.86"
"Oz Liaisons","15","63.85"
"Tomorrow Hustler","16","63.84"
"Attacks Hate","9","62.91"
"Closer Bang","10","62.90"
"Champion Flatliners","10","62.90"
"Heartbreakers Bright","10","62.90"
"Kiss Glory","10","62.90"
"Aladdin Calendar","11","62.89"
"Ghost Groundhog","11","62.89"
"High Encino","12","62.88"
"Games Bowfinger","12","62.88"
"Waterfront Deliverance","8","61.92"
"Casualties Encino","8","61.92"
"Nightmare Chill","8","61.92"
"Dorado Notting","9","61.91"
"Wyoming Storm","11","61.89"
"Undefeated Dalmations","11","61.89"
"Coldblooded Darling","11","61.89"
"Bingo Talented","12","61.88"
"Candidate Perdition","12","61.88"
"Trip Newton","12","61.88"
"Jason Trap","14","61.86"
"Gleaming Jawbreaker","13","61.86"
"Trap Guys","8","60.92"
"Details Packer","8","60.92"
"Conversation Downhill","9","60.91"
"Spartacus Cheaper","9","60.91"
"Garden Island","9","60.91"
"Opus Ice","10","60.90"
"Birds Perdition","10","60.90"
"Virgin Daisy","11","60.89"
"Secret Groundhog","11","60.89"
"South Wait","11","60.89"
"Open African","11","60.89"
"Maltese Hope","11","60.89"
"Stepmom Dream","12","60.88"
"Clueless Bucket","13","60.87"
"Gangs Pride","13","60.87"
"Noon Papi","15","60.85"
"King Evolution","8","59.92"
"Destiny Saturday","9","59.91"
"Sabrina Midnight","10","59.90"
"Pity Bound","10","59.90"
"Heavyweights Beast","11","59.89"
"Peak Forever","11","59.89"
"Jingle Sagebrush","11","59.89"
"Vanishing Rocky","12","59.88"
"Arachnophobia Rollercoaster","12","59.88"
"Born Spinal","12","59.88"
"Artist Coldblooded","14","59.86"
"Barbarella Streetcar","16","59.84"
"Trap Guys","7","58.93"
"Secrets Paradise","7","58.93"
"Requiem Tycoon","9","58.91"
"Beverly Outlaw","9","58.91"
"Head Stranger","9","58.91"
"Smile Earring","10","58.90"
"Egg Igby","11","58.89"
"Cupboard Sinners","11","58.89"
"Name Detective","11","58.89"
"Vacation Boondock","11","58.89"
"Sweet Brotherhood","11","58.89"
"Nash Chocolat","13","58.87"
"Metal Armageddon","14","58.86"
"Quest Mussolini","15","58.85"
"Fool Mockingbird","7","57.93"
"Secretary Rouge","9","57.91"
"Maltese Hope","10","57.90"
"Temple Attraction","10","57.90"
"Massacre Usual","10","57.90"
"Lambs Cincinatti","10","57.90"
"October Submarine","10","57.90"
"Bear Graceland","11","57.89"
"Darn Forrester","11","57.89"
"Bingo Talented","13","57.87"
"Balloon Homeward","14","57.86"
"Brannigan Sunrise","9","56.91"
"Agent Truman","10","56.90"
"Money Harold","10","56.90"
"Poseidon Forever","10","56.90"
"Lies Treatment","10","56.90"
"Element Freddy","10","56.90"
"Fugitive Maguire","11","56.89"
"Arizona Bang","11","56.89"
"Strictly Scarface","11","56.89"
"Casablanca Super","11","56.89"
"Opposite Necklace","11","56.89"
"Massage Image","11","56.89"
"Strictly Scarface","12","56.88"
"Beverly Outlaw","12","56.88"
"Princess Giant","12","56.88"
"Identity Lover","12","56.88"
"Forward Temple","13","56.87"
"Ridgemont Submarine","13","56.87"
"Greatest North","14","56.86"
"Flying Hook","14","56.86"
"Scarface Bang","8","55.92"
"Working Microcosmos","8","55.92"
"Videotape Arsenic","10","55.90"
"Gorgeous Bingo","10","55.90"
"Boogie Amelie","11","55.89"
"Hanky October","12","55.88"
"Paradise Sabrina","12","55.88"
"Remember Diary","13","55.87"
"Analyze Hoosiers","14","55.86"
"Color Philadelphia","14","55.86"
"Ice Crossing","14","55.86"
"Beach Heartbreakers","14","55.86"
"Pulp Beverly","14","55.86"
"Day Unfaithful","7","54.93"
"Minds Truman","7","54.93"
"Waterfront Deliverance","8","54.92"
"Magnificent Chitty","8","54.92"
"Gold River","8","54.92"
"Secretary Rouge","9","54.91"
"High Encino","9","54.91"
"Agent Truman","9","54.91"
"Ali Forever","9","54.91"
"Monsoon Cause","9","54.91"
"Lover Truman","9","54.91"
"Sleeping Suspects","10","54.90"
"Streetcar Intentions","10","54.90"
"Money Harold","10","54.90"
"Jerk Paycheck","10","54.90"
"Giant Troopers","14","54.86"
"Camelot Vacation","14","54.86"
"English Bulworth","16","54.84"
"Silverado Goldfinger","7","53.93"
"American Circus","7","53.93"
"Conversation Downhill","8","53.92"
"Seattle Expecations","8","53.91"
"Frisco Forrest","9","53.91"
"Bird Independence","9","53.91"
"Nuts Ties","9","53.91"
"Core Suit","10","53.90"
"Holes Brannigan","10","53.90"
"National Story","11","53.89"
"Circus Youth","14","53.86"
"Invasion Cyclone","14","53.86"
"Wait Cider","14","53.86"
"Grit Clockwork","14","53.86"
"Strangelove Desire","14","53.86"
"Ridgemont Submarine","15","53.85"
"Jade Bunch","15","53.85"
"Flintstones Happiness","6","52.94"
"Ace Goldfinger","7","52.93"
"Snatch Slipper","8","52.92"
"Guys Falcon","8","52.92"
"Doubtfire Labyrinth","9","52.91"
"Chicago North","9","52.91"
"Vanilla Day","9","52.91"
"Musketeers Wait","9","52.91"
"Right Cranes","10","52.90"
"Coneheads Smoochy","10","52.90"
"Sensibility Rear","10","52.90"
"Patton Interview","11","52.89"
"Campus Remember","11","52.89"
"Purple Movie","12","52.88"
"Lust Lock","11","52.88"
"Shane Darkness","13","52.87"
"Flatliners Killer","13","52.87"
"Telemark Heartbreakers","13","52.87"
"Wedding Apollo","14","52.86"
"Idols Snatchers","15","52.85"
"Kissing Dolls","7","51.93"
"Panic Club","7","51.93"
"Pure Runner","8","51.92"
"Sweden Shining","8","51.92"
"Easy Gladiator","8","51.92"
"North Tequila","9","51.91"
"Metropolis Coma","9","51.91"
"Coma Head","10","51.90"
"Sons Interview","10","51.89"
"Star Operation","12","51.88"
"Hyde Doctor","12","51.87"
"Trouble Date","14","51.86"
"Paths Control","6","50.94"
"Queen Luke","7","50.93"
"Sugar Wonka","8","50.92"
"Rage Games","8","50.92"
"Scarface Bang","8","50.92"
"Attraction Newton","8","50.92"
"Expecations Natural","8","50.92"
"Expecations Natural","9","50.91"
"Grinch Massage","9","50.91"
"Iron Moon","10","50.90"
"Chisum Behavior","10","50.90"
"Lost Bird","10","50.90"
"Window Side","11","50.89"
"Sea Virgin","11","50.89"
"Knock Warlock","12","50.88"
"Suspects Quills","12","50.88"
"Network Peak","12","50.88"
"Fish Opus","13","50.87"
"Contact Anonymous","15","50.85"
"Rocketeer Mother","15","50.85"
"Shock Cabin","15","50.85"
"Lola Agent","7","49.93"
"Velvet Terminator","8","49.92"
"Jerk Paycheck","9","49.91"
"Sweden Shining","8","49.91"
"Image Princess","9","49.91"
"Arachnophobia Rollercoaster","11","49.89"
"Affair Prejudice","12","49.88"
"Wonka Sea","13","49.87"
"Mask Peach","14","49.86"
"Berets Agent","13","49.86"
"Half Outfield","15","49.86"
"Spy Mile","14","49.86"
"Satisfaction Confidential","6","48.94"
"Park Citizen","6","48.94"
"Panther Reds","7","48.93"
"Tourist Pelican","7","48.93"
"Rocky War","7","48.93"
"Memento Zoolander","7","48.93"
"Cause Date","7","48.93"
"Liaisons Sweet","8","48.92"
"Gosford Donnie","8","48.92"
"Madigan Dorado","8","48.92"
"Dragonfly Strangers","8","48.92"
"Knock Warlock","9","48.91"
"Mod Secretary","9","48.91"
"Rider Caddyshack","11","48.89"
"Hanky October","11","48.89"
"Blues Instinct","12","48.88"
"Fargo Gandhi","13","48.87"
"Sweethearts Suspects","13","48.87"
"Fatal Haunted","13","48.87"
"Pond Seattle","14","48.86"
"Gentlemen Stage","14","48.86"
"Packer Madigan","14","48.86"
"Robbers Joon","15","48.85"
"Panky Submarine","7","47.93"
"Sense Greek","7","47.93"
"Sagebrush Clueless","7","47.93"
"Dawn Pond","7","47.93"
"Drifter Commandments","8","47.92"
"Devil Desire","8","47.92"
"Reds Pocus","8","47.92"
"Igby Maker","9","47.91"
"Trading Pinocchio","9","47.91"
"Kramer Chocolate","9","47.91"
"Hellfighters Sierra","10","47.90"
"Arizona Bang","10","47.90"
"Jacket Frisco","10","47.90"
"Trojan Tomorrow","9","47.90"
"Intentions Empire","10","47.90"
"African Egg","11","47.89"
"Sleepy Japanese","11","47.89"
"Hurricane Affair","13","47.87"
"Madre Gables","13","47.87"
"Expendable Stallion","14","47.86"
"Escape Metropolis","15","47.85"
"Mine Titans","5","46.95"
"Wonderland Christmas","7","46.93"
"Flamingos Connecticut","8","46.92"
"Grosse Wonderful","8","46.92"
"Wonderful Drop","8","46.92"
"Requiem Tycoon","9","46.91"
"Outlaw Hanky","9","46.91"
"Worst Banger","9","46.91"
"Trainspotting Strangers","9","46.91"
"Groundhog Uncut","9","46.91"
"Stage World","10","46.90"
"Orient Closer","10","46.90"
"Expendable Stallion","12","46.88"
"Downhill Enough","12","46.88"
"Alien Center","12","46.88"
"Invasion Cyclone","12","46.88"
"Pollock Deliverance","12","46.88"
"Shrunk Divine","13","46.87"
"Greatest North","13","46.87"
"Rocketeer Mother","13","46.87"
"Jumping Wrath","14","46.86"
"Operation Operation","14","46.86"
"Caddyshack Jedi","14","46.86"
"Doors President","6","45.94"
"Clerks Angels","6","45.94"
"Casper Dragonfly","7","45.93"
"Sunrise League","7","45.93"
"Redemption Comforts","8","45.92"
"Hysterical Grail","8","45.92"
"Chamber Italian","8","45.92"
"Fargo Gandhi","8","45.92"
"Bugsy Song","9","45.91"
"Lolita World","9","45.91"
"Fantasia Park","11","45.89"
"Weekend Personal","11","45.89"
"Seabiscuit Punk","12","45.88"
"Darkness War","12","45.88"
"Badman Dawn","12","45.88"
"Giant Troopers","12","45.88"
"Uprising Uptown","13","45.87"
"Murder Antitrust","13","45.87"
"Forward Temple","13","45.87"
"Muscle Bright","14","45.86"
"Shock Cabin","14","45.86"
"Clash Freddy","14","45.86"
"Amistad Midsummer","14","45.86"
"House Dynamite","14","45.86"
"Orange Grapes","15","45.85"
"Madness Attacks","16","45.84"
"Beauty Grease","7","44.93"
"Crusade Honey","7","44.93"
"Darling Breaking","8","44.92"
"Interview Liaisons","8","44.92"
"Secret Groundhog","8","44.92"
"War Notting","8","44.92"
"Tuxedo Mile","8","44.92"
"Speed Suit","8","44.92"
"Ghost Groundhog","8","44.92"
"Airplane Sierra","9","44.91"
"Jaws Harry","9","44.91"
"Hellfighters Sierra","9","44.91"
"Clueless Bucket","10","44.90"
"English Bulworth","10","44.90"
"Cupboard Sinners","11","44.89"
"Spy Mile","13","44.87"
"Island Exorcist","13","44.87"
"Goldfinger Sensibility","13","44.87"
"Oscar Gold","14","44.86"
"Sweethearts Suspects","14","44.86"
"Moonshine Cabin","7","43.93"
"Poseidon Forever","7","43.93"
"Alabama Devil","8","43.92"
"Drop Waterfront","8","43.92"
"Anything Savannah","8","43.92"
"Chance Resurrection","9","43.91"
"Basic Easy","9","43.91"
"Forrest Sons","9","43.91"
"Human Graffiti","9","43.91"
"Fish Opus","9","43.91"
"Potluck Mixed","10","43.90"
"Fatal Haunted","10","43.90"
"Basic Easy","11","43.89"
"Driver Annie","11","43.89"
"Hyde Doctor","11","43.89"
"Blackout Private","12","43.88"
"Microcosmos Paradise","12","43.88"
"Neighbors Charade","12","43.88"
"Cyclone Family","14","43.87"
"Bill Others","13","43.87"
"Homicide Peach","13","43.87"
"Married Go","13","43.87"
"Cider Desire","13","43.87"
"Grit Clockwork","14","43.86"
"Juggler Hardly","14","43.86"
"Swarm Gold","14","43.86"
"Rush Goodfellas","15","43.85"
"Ishtar Rocketeer","6","42.94"
"Betrayed Rear","7","42.93"
"Show Lord","7","42.93"
"Hunchback Impossible","7","42.93"
"Rules Human","7","42.93"
"Steers Armageddon","7","42.93"
"Words Hunter","7","42.93"
"Quills Bull","7","42.93"
"Sugar Wonka","7","42.93"
"Open African","8","42.92"
"Carol Texas","8","42.92"
"Steers Armageddon","8","42.92"
"Zoolander Fiction","9","42.91"
"Nemo Campus","9","42.91"
"Run Pacific","9","42.91"
"Northwest Polish","10","42.90"
"Wars Pluto","10","42.90"
"Instinct Airport","11","42.89"
"Scissorhands Slums","12","42.88"
"Express Lonely","12","42.88"
"Mallrats United","12","42.88"
"Modern Dorado","12","42.88"
"Racer Egg","13","42.87"
"Snowman Rollercoaster","13","42.87"
"Stock Glass","13","42.87"
"Lock Rear","14","42.86"
"Juggler Hardly","15","42.85"
"Hysterical Grail","7","41.93"
"Punk Divorce","7","41.93"
"Peach Innocent","6","41.93"
"Shawshank Bubble","7","41.93"
"Birds Perdition","7","41.93"
"Fidelity Devil","7","41.93"
"Miracle Virtual","8","41.92"
"Hope Tootsie","8","41.92"
"Hotel Happiness","8","41.92"
"Jekyll Frogmen","8","41.92"
"Hoosiers Birdcage","8","41.92"
"Igby Maker","8","41.92"
"Breaking Home","10","41.90"
"South Wait","10","41.90"
"Dream Pickup","10","41.90"
"Patton Interview","10","41.90"
"Shakespeare Saddle","11","41.89"
"Speakeasy Date","11","41.89"
"None Spiking","11","41.89"
"Date Speed","12","41.88"
"Wardrobe Phantom","12","41.88"
"Chicken Hellfighters","12","41.88"
"Unbreakable Karate","12","41.88"
"Lebowski Soldiers","12","41.88"
"Disturbing Scarface","13","41.87"
"Labyrinth League","13","41.87"
"Galaxy Sweethearts","6","40.94"
"Midsummer Groundhog","6","40.94"
"Center Dinosaur","7","40.93"
"Baby Hall","7","40.93"
"Eve Resurrection","7","40.93"
"Clue Grail","7","40.93"
"Candles Grapes","7","40.93"
"Tarzan Videotape","8","40.92"
"Spice Sorority","8","40.92"
"Platoon Instinct","8","40.92"
"Undefeated Dalmations","8","40.92"
"Wash Heavenly","8","40.92"
"Falcon Volume","7","40.92"
"Grail Frankenstein","8","40.92"
"Matrix Snowman","8","40.92"
"Harper Dying","10","40.90"
"Seabiscuit Punk","12","40.88"
"Others Soup","12","40.88"
"Butterfly Chocolat","12","40.88"
"Malkovich Pet","12","40.88"
"Paris Weekend","12","40.88"
"Wasteland Divine","12","40.88"
"Forever Candidate","12","40.88"
"Hunting Musketeers","12","40.88"
"Married Go","13","40.87"
"Muscle Bright","13","40.87"
"Deer Virginian","13","40.87"
"Lady Stage","5","39.95"
"Rocky War","6","39.94"
"Mission Zoolander","6","39.94"
"Terminator Club","6","39.94"
"Memento Zoolander","6","39.94"
"Jersey Sassy","6","39.94"
"Gold River","6","39.94"
"Bikini Borrowers","7","39.93"
"Fire Wolves","7","39.93"
"Freddy Storm","7","39.93"
"Jeepers Wedding","7","39.93"
"Intolerable Intentions","7","39.93"
"Bikini Borrowers","7","39.93"
"Egg Igby","8","39.92"
"Truman Crazy","8","39.92"
"Legally Secretary","8","39.92"
"Baked Cleopatra","8","39.92"
"Forrest Sons","8","39.92"
"Hollow Jeopardy","8","39.92"
"Rollercoaster Bringing","9","39.91"
"Lord Arizona","10","39.90"
"Eyes Driving","10","39.90"
"Egypt Tenenbaums","10","39.90"
"Tracy Cider","11","39.89"
"Hamlet Wisdom","12","39.88"
"Horror Reign","12","39.88"
"Wrong Behavior","13","39.87"
"Frost Head","14","39.86"
"Lose Inch","14","39.86"
"Cabin Flash","14","39.86"
"Pajama Jawbreaker","14","39.86"
"Panky Submarine","5","38.95"
"Day Unfaithful","5","38.95"
"Birch Antitrust","5","38.95"
"Million Ace","6","38.94"
"Brooklyn Desert","6","38.94"
"Core Suit","6","38.94"
"Breakfast Goldfinger","6","38.94"
"Italian African","6","38.94"
"Desert Poseidon","7","38.93"
"Records Zorro","7","38.93"
"Attacks Hate","7","38.93"
"Mother Oleander","7","38.93"
"Peach Innocent","7","38.93"
"Stagecoach Armageddon","7","38.93"
"Gorgeous Bingo","7","38.93"
"Stepmom Dream","7","38.93"
"Camelot Vacation","10","38.90"
"Wardrobe Phantom","11","38.89"
"Earring Instinct","11","38.89"
"Oscar Gold","11","38.89"
"Spiking Element","12","38.88"
"Fiction Christmas","12","38.88"
"Tracy Cider","13","38.87"
"Loathing Legally","15","38.85"
"Silverado Goldfinger","5","37.95"
"League Hellfighters","6","37.94"
"Airplane Sierra","6","37.94"
"Graceland Dynamite","6","37.94"
"Yentl Idaho","6","37.94"
"Ferris Mother","7","37.93"
"Philadelphia Wife","7","37.93"
"Pure Runner","7","37.93"
"Angels Life","7","37.93"
"Comforts Rush","7","37.93"
"Life Twisted","8","37.92"
"Godfather Diary","8","37.92"
"Alien Center","8","37.92"
"Tomorrow Hustler","8","37.92"
"Vertigo Northwest","8","37.92"
"Excitement Eve","9","37.91"
"Snatchers Montezuma","9","37.91"
"Timberland Sky","10","37.90"
"Atlantis Cause","10","37.90"
"Prix Undefeated","10","37.90"
"Crossroads Casualties","10","37.90"
"Deer Virginian","12","37.89"
"Atlantis Cause","11","37.89"
"Divide Monster","12","37.88"
"Shrek License","12","37.88"
"Lose Inch","12","37.88"
"Horror Reign","13","37.87"
"Rush Goodfellas","13","37.87"
"None Spiking","14","37.86"
"Detective Vision","16","37.84"
"Pinocchio Simon","5","36.95"
"Betrayed Rear","6","36.94"
"Early Home","6","36.94"
"Calendar Gunfight","6","36.94"
"Human Graffiti","6","36.94"
"Movie Shakespeare","7","36.94"
"Elizabeth Shane","7","36.93"
"Soldiers Evolution","7","36.93"
"Horn Working","7","36.93"
"Confessions Maguire","7","36.93"
"Baked Cleopatra","7","36.93"
"Jekyll Frogmen","8","36.92"
"Troopers Metal","9","36.91"
"Carol Texas","9","36.91"
"Alone Trip","10","36.90"
"Crossroads Casualties","10","36.90"
"Fury Murder","10","36.90"
"Bringing Hysterical","10","36.90"
"Drumline Cyclone","10","36.90"
"Harper Dying","10","36.90"
"Robbers Joon","11","36.89"
"River Outlaw","12","36.89"
"Dalmations Sweden","12","36.88"
"Grapes Fury","12","36.87"
"Army Flintstones","14","36.86"
"Graffiti Love","14","36.86"
"Necklace Outbreak","14","36.86"
"Tights Dawn","14","36.86"
"Majestic Floats","15","36.85"
"Rugrats Shakespeare","15","36.85"
"Eagles Panky","5","35.95"
"Cincinatti Whisperer","5","35.95"
"Bubble Grosse","6","35.94"
"Cincinatti Whisperer","6","35.94"
"Rules Human","6","35.94"
"Frontier Cabin","6","35.94"
"Birch Antitrust","6","35.94"
"Something Duck","6","35.94"
"School Jacket","6","35.94"
"President Bang","6","35.94"
"Idaho Love","7","35.93"
"State Wasteland","8","35.93"
"Driving Polish","7","35.93"
"Sagebrush Clueless","7","35.93"
"Bear Graceland","8","35.92"
"Jason Trap","9","35.91"
"Idols Snatchers","9","35.91"
"Reap Unfaithful","10","35.90"
"Barefoot Manchurian","10","35.90"
"Disturbing Scarface","10","35.90"
"Chariots Conspiracy","11","35.89"
"Telemark Heartbreakers","11","35.89"
"Greek Everyone","11","35.89"
"Sinners Atlantis","12","35.88"
"Novocaine Flight","12","35.88"
"Glass Dying","12","35.88"
"Elf Murder","6","34.94"
"Lovely Jingle","6","34.94"
"Quills Bull","6","34.94"
"Unbreakable Karate","7","34.93"
"Panther Reds","7","34.93"
"Peak Forever","7","34.93"
"Reign Gentlemen","7","34.93"
"Ice Crossing","8","34.92"
"Northwest Polish","8","34.92"
"Shakespeare Saddle","9","34.91"
"Gangs Pride","9","34.91"
"Dinosaur Secretary","9","34.91"
"Hurricane Affair","10","34.90"
"Doom Dancing","10","34.90"
"Malkovich Pet","11","34.89"
"Adaptation Holes","11","34.89"
"Blackout Private","11","34.89"
"Karate Moon","13","34.87"
"Illusion Amelie","13","34.87"
"Donnie Alley","13","34.87"
"Hobbit Alien","13","34.87"
"Haunting Pianist","14","34.86"
"Frost Head","14","34.86"
"Fever Empire","5","33.95"
"Confessions Maguire","6","33.94"
"Gunfighter Mussolini","6","33.94"
"Madison Trap","6","33.94"
"Meet Chocolate","7","33.93"
"Turn Star","7","33.93"
"Orient Closer","7","33.93"
"Balloon Homeward","8","33.92"
"Samurai Lion","8","33.92"
"Brotherhood Blanket","8","33.92"
"Sea Virgin","8","33.92"
"Affair Prejudice","9","33.91"
"Maguire Apache","9","33.91"
"Cranes Reservoir","9","33.91"
"Wagon Jaws","9","33.91"
"Blanket Beverly","10","33.90"
"Newton Labyrinth","10","33.90"
"Mile Mulan","11","33.89"
"Operation Operation","11","33.89"
"Gables Metropolis","11","33.89"
"Hobbit Alien","13","33.87"
"Disciple Mother","13","33.87"
"Splash Gump","14","33.86"
"Command Darling","5","32.95"
"Prejudice Oleander","6","32.94"
"Sleepless Monsoon","6","32.94"
"Tequila Past","6","32.94"
"Heavenly Gun","6","32.94"
"Bulworth Commandments","7","32.93"
"Ferris Mother","8","32.92"
"Potter Connecticut","8","32.92"
"Idaho Love","8","32.92"
"Murder Antitrust","8","32.92"
"Willow Tracy","9","32.91"
"Maker Gables","10","32.90"
"Dinosaur Secretary","10","32.90"
"Perfect Groove","10","32.90"
"Enough Raging","10","32.90"
"Stone Fire","10","32.90"
"Lucky Flying","10","32.90"
"Outfield Massacre","11","32.89"
"Saddle Antitrust","11","32.89"
"Robbery Bright","12","32.88"
"Gilmore Boiled","13","32.87"
"Sun Confessions","13","32.87"
"Stampede Disturbing","14","32.86"
"Tuxedo Mile","5","31.95"
"Groundhog Uncut","5","31.95"
"Dozen Lion","6","31.94"
"Desperate Trainspotting","6","31.94"
"Jericho Mulan","6","31.94"
"Control Anthem","6","31.94"
"Destiny Saturday","6","31.94"
"Bowfinger Gables","6","31.94"
"Haunted Antitrust","6","31.94"
"Honey Ties","6","31.94"
"Chasing Fight","7","31.94"
"Dragonfly Strangers","6","31.94"
"Chicago North","6","31.94"
"Manchurian Curtain","7","31.93"
"Destination Jerk","8","31.92"
"Star Operation","8","31.92"
"Gaslight Crusade","8","31.92"
"Color Philadelphia","8","31.92"
"Comforts Rush","8","31.92"
"Saints Bride","8","31.92"
"Insider Arizona","9","31.91"
"Random Go","9","31.91"
"Feathers Metal","9","31.91"
"Bringing Hysterical","9","31.91"
"Clash Freddy","9","31.91"
"Indian Love","10","31.90"
"Song Hedwig","10","31.90"
"Mummy Creatures","10","31.90"
"Island Exorcist","10","31.90"
"Clones Pinocchio","10","31.90"
"Dream Pickup","10","31.90"
"Hedwig Alter","10","31.90"
"Mighty Luck","10","31.90"
"Natural Stock","12","31.88"
"Fight Jawbreaker","12","31.88"
"Rings Heartbreakers","13","31.87"
"Family Sweet","13","31.86"
"Bonnie Holocaust","15","31.85"
"Paths Control","4","30.96"
"Gunfighter Mussolini","5","30.95"
"Seven Swarm","5","30.95"
"Mermaid Insects","5","30.95"
"Devil Desire","6","30.94"
"Jeepers Wedding","6","30.94"
"Words Hunter","7","30.93"
"Blood Argonauts","7","30.93"
"Madison Trap","7","30.93"
"Sierra Divide","7","30.93"
"Intentions Empire","7","30.93"
"Jumanji Blade","8","30.92"
"Boulevard Mob","8","30.92"
"Gaslight Crusade","8","30.92"
"Vacation Boondock","8","30.92"
"Badman Dawn","9","30.91"
"Double Wrath","9","30.91"
"Hope Tootsie","9","30.91"
"Varsity Trip","10","30.90"
"Rock Instinct","10","30.90"
"Fireball Philadelphia","10","30.90"
"Creatures Shakespeare","10","30.90"
"Rouge Squad","11","30.89"
"Mulan Moon","11","30.89"
"Dynamite Tarzan","11","30.89"
"Theory Mermaid","11","30.88"
"Graffiti Love","12","30.88"
"Sleuth Orient","12","30.88"
"Rugrats Shakespeare","13","30.87"
"Factory Dragon","15","30.85"
